{
  "account_balance_inquiry": "Retrieve current account balance",
  "last_payment_date": "Obtain the date of the most recent payment made on the account",
  "payment_amount_verification": "Verify the amount of recent payments or scheduled payments",
  "minimum_payment_due": "Get the minimum payment amount required for the current billing cycle",
  "account_status_check": "Determine if account is current, past due, or in collections",
  "available_credit": "Get available credit limit information for credit card accounts",
  "statement_balance": "Retrieve current statement balance information"
}