<?xml version="1.0" encoding="UTF-8"?>
<Response>
    <!-- Welcome Step -->
    <Say voice="Polly.Joanna">Thank you for calling Bank of America. Your call may be monitored or recorded for quality assurance purposes.</Say>
    <Pause length="1"/>
      <!-- Language Selection Step -->
    <Gather numDigits="1" timeout="3" action="/twiml/language">
        <Say voice="Polly.Joanna">Para continuar en español, presione 2. To continue in English, stay on the line.</Say>
    </Gather>
    <!-- Default route if no input for language selection -->
    <Redirect>/twiml/authentication</Redirect>
</Response>

<!-- Authentication Step -->
<Response name="authentication">
    <Gather numDigits="4" timeout="10" action="/twiml/authenticate">
        <Say voice="Polly.Joanna">Please enter the last 4 digits of your Social Security Number.</Say>
    </Gather>
    <Say voice="Polly.Joanna">I'm sorry, I didn't receive your input.</Say>
    <Gather numDigits="1" timeout="5" action="/twiml/alt-auth">
        <Say voice="Polly.Joanna">If you don't have your Social Security Number available, press the star key to enter your 16-digit debit or credit card number.</Say>
    </Gather>
    <!-- Route to representative if no authentication method works -->
    <Say voice="Polly.Joanna">If you don't have this information, press 0 to speak with a representative.</Say>
    <Gather numDigits="1" timeout="5" action="/twiml/connect-rep">
    </Gather>
    <Redirect>/twiml/connect-rep</Redirect>
</Response>

<!-- Alternative Authentication Step -->
<Response name="alt-auth">
    <Gather numDigits="16" timeout="15" action="/twiml/authenticate">
        <Say voice="Polly.Joanna">Please enter your 16-digit debit or credit card number</Say>
    </Gather>
    <Redirect>/twiml/connect-rep</Redirect>
</Response>

<!-- Main Menu Step -->
<Response name="main-menu">
    <Gather numDigits="1" timeout="15" action="/twiml/process-main-menu">
        <Say voice="Polly.Joanna">Main menu. Please listen carefully as our options have changed. Press 1 for account balance, account status and statement balance. Press 2 for credit card and payment services. Press 0 to speak with a representative immediately.</Say>
    </Gather>
    <Say voice="Polly.Joanna">I didn't receive your selection.</Say>
    <Redirect>/twiml/main-menu</Redirect>
</Response>

<!-- Account Information and Services (Option 1 from Main Menu) -->
<Response name="account-services">
    <Gather numDigits="1" timeout="15" action="/twiml/account-services-handler">
        <Say voice="Polly.Joanna">Account services. Press 1 for account balances. Press 2 for recent transactions. Press 3 for account status. Press 9 to return to the main menu.</Say>
    </Gather>
    <Say voice="Polly.Joanna">I didn't receive your selection.</Say>
    <Redirect>/twiml/account-services</Redirect>
</Response>

<!-- Account Balances (Option 1 from Account Services) -->
<Response name="account-balances">
    <Gather numDigits="1" timeout="15" action="/twiml/account-balances-handler">
        <Say voice="Polly.Joanna">Account balances. Press 1 for current account balance. Press 2 for statement balance. Press 9 to return to account services.</Say>
    </Gather>
    <Say voice="Polly.Joanna">I didn't receive your selection.</Say>
    <Redirect>/twiml/account-balances</Redirect>
</Response>

<!-- Current Account Balance (Option 1 from Account Balances) -->
<Response name="current-account-balance">
    <Gather numDigits="1" timeout="15" action="/twiml/account-balance-options">
        <Say voice="Polly.Joanna">Your account balance is $100.15. Press 1 to hear the current balance again. Press 2 for statement balance information. Press 9 to return to account services.</Say>
    </Gather>
    <Say voice="Polly.Joanna">I didn't receive your selection.</Say>
    <Redirect>/twiml/current-account-balance</Redirect>
</Response>

<!-- Statement Balance (Option 2 from Account Balances) -->
<Response name="statement-balance">
    <Gather numDigits="1" timeout="15" action="/twiml/statement-balance-options">
        <Say voice="Polly.Joanna">Your statement balance information is $567.87. Press 1 to hear the statement balance again. Press 9 to return to account services.</Say>
    </Gather>
    <Say voice="Polly.Joanna">I didn't receive your selection.</Say>
    <Redirect>/twiml/statement-balance</Redirect>
</Response>

<!-- Account Status (Option 3 from Account Services) -->
<Response name="account-status">
    <Gather numDigits="1" timeout="15" action="/twiml/account-status-handler">
        <Say voice="Polly.Joanna">Account status. Press 1 for account status check. Press 2 for autopay status. Press 9 to return to account services.</Say>
    </Gather>
    <Say voice="Polly.Joanna">I didn't receive your selection.</Say>
    <Redirect>/twiml/account-status</Redirect>
</Response>

<!-- Account Status Check (Option 1 from Account Status) -->
<Response name="account-status-check">
    <Gather numDigits="1" timeout="15" action="/twiml/account-status-options">
        <Say voice="Polly.Joanna">The account is past due by 30 days. Press 1 to hear the account status again. Press 2 for autopay status. Press 9 to return to account services.</Say>
    </Gather>
    <Say voice="Polly.Joanna">I didn't receive your selection.</Say>
    <Redirect>/twiml/account-status-check</Redirect>
</Response>

<!-- Credit Card and Payment Services (Option 2 from Main Menu) -->
<Response name="credit-card-services">
    <Gather numDigits="1" timeout="15" action="/twiml/credit-card-services-handler">
        <Say voice="Polly.Joanna">Credit card services. Press 1 for account information. Press 2 for payment services. Press 3 for credit information. Press 9 to return to the main menu.</Say>
    </Gather>
    <Say voice="Polly.Joanna">I didn't receive your selection.</Say>
    <Redirect>/twiml/credit-card-services</Redirect>
</Response>

<!-- Credit Card Account Information (Option 1 from Credit Card Services) -->
<Response name="credit-card-account-info">
    <Gather numDigits="1" timeout="15" action="/twiml/credit-card-account-info-handler">
        <Say voice="Polly.Joanna">Credit card information. Press 1 for current balance. Press 2 for available credit. Press 3 for recent transactions. Press 4 for payment due date and minimum payment. Press 5 for rewards balance. Press 9 to return to credit card services.</Say>
    </Gather>
    <Say voice="Polly.Joanna">I didn't receive your selection.</Say>
    <Redirect>/twiml/credit-card-account-info</Redirect>
</Response>

<!-- Available Credit (Option 2 from Credit Card Account Information) -->
<Response name="available-credit">
    <Gather numDigits="1" timeout="15" action="/twiml/available-credit-options">
        <Say voice="Polly.Joanna">Available credit limit is 12,000 dollars. Press 1 to hear the available credit again. Press 9 to return to credit card services.</Say>
    </Gather>
    <Say voice="Polly.Joanna">I didn't receive your selection.</Say>
    <Redirect>/twiml/available-credit</Redirect>
</Response>

<!-- Payment Services (Option 2 from Credit Card Services) -->
<Response name="payment-services">
    <Gather numDigits="1" timeout="15" action="/twiml/payment-services-handler">
        <Say voice="Polly.Joanna">Payment services. Press 1 for minimum payment due. Press 2 for payment processing. Press 3 for last payment date. Press 4 for payment amount verification. Press 9 to return to credit card services.</Say>
    </Gather>
    <Say voice="Polly.Joanna">I didn't receive your selection.</Say>
    <Redirect>/twiml/payment-services</Redirect>
</Response>

<!-- Minimum Payment Due (Option 1 from Payment Services) -->
<Response name="minimum-payment-due">
    <Gather numDigits="1" timeout="15" action="/twiml/minimum-payment-due-options">
        <Say voice="Polly.Joanna">Minimum payment amount is 1500 dollars. Press 1 to hear the minimum payment again. Press 9 to return to payment services.</Say>
    </Gather>
    <Say voice="Polly.Joanna">I didn't receive your selection.</Say>
    <Redirect>/twiml/minimum-payment-due</Redirect>
</Response>

<!-- Last Payment Date (Option 3 from Payment Services) -->
<Response name="last-payment-date">
    <Gather numDigits="1" timeout="15" action="/twiml/last-payment-date-options">
        <Say voice="Polly.Joanna">Date of the most recent payment made on the account is June 6 2025. Press 1 to hear the last payment date again. Press 9 to return to payment services.</Say>
    </Gather>
    <Say voice="Polly.Joanna">I didn't receive your selection.</Say>
    <Redirect>/twiml/last-payment-date</Redirect>
</Response>

<!-- Payment Amount Verification (Option 4 from Payment Services) -->
<Response name="payment-amount-verification">
    <Gather numDigits="1" timeout="15" action="/twiml/payment-amount-verification-options">
        <Say voice="Polly.Joanna">The most recent payment amount was $50.00. Press 1 to hear the payment amount again. Press 9 to return to payment services.</Say>
    </Gather>
    <Say voice="Polly.Joanna">I didn't receive your selection.</Say>
    <Redirect>/twiml/payment-amount-verification</Redirect>
</Response>

<!-- Connect to Representative -->
<Response name="connect-rep">
    <Say voice="Polly.Joanna">Please hold while we connect you to a representative.</Say>
    <Dial>+18005551234</Dial>
</Response>