{
  "$schema": "https://raw.githubusercontent.com/googleapis/release-please/main/schemas/config.json",
  "release-type": "maven",
  "versioning": "always-bump-minor",
  "separate-pull-requests": true,
  "include-component-in-tag": false,
  "initial-version": "0.2.0-SNAPSHOT",
  "extra-files": ["README.md", "src/main/java/com/google/genai/ApiClient.java"],
  "packages": {
    ".": {
      "changelog-path": "CHANGELOG.md",
      "release-type": "maven",
      "bump-minor-pre-major": false,
      "bump-patch-for-minor-pre-major": false
    }
  }
}